{
  "category": "General",
  "guid": "0ee23b2e-9d4d-4b5e-a0b9-7b4e54c5a5f2",
  "name": "WoL Waker",
  "description": "Automatically wakes up archival storage servers when media is requested, enabling power-efficient operation.",
  "owner": "Remi Verhoeven",
  "version": "1.0.0",
  "targetAbi": "10.9.0.0",
  "overview": "A Jellyfin plugin that automatically wakes up archival storage servers when media is requested",
  "changelog": "Automated build from 6c548c5cbe77754c7db29a530b0a5668b6dc2c8e"
}
