{
  "category": "General",
  "guid": "0ee23b2e-9d4d-4b5e-a0b9-7b4e54c5a5f2",
  "name": "WoL Waker",
  "description": "Automatically wakes up archival storage servers when media is requested, enabling power-efficient operation.",
  "owner": "Remi Verhoeven",
  "version": "1.0.0",
  "targetAbi": "10.9.0.0",
  "overview": "A Jellyfin plugin that automatically wakes up archival storage servers when media is requested",
  "changelog": "Automated build from 69eb2a0a2dab7c0637c222d53808f45ce468c38b"
}
